Kod_S,Kod_C,Kod_R,Nazwa,Wartosc,rok,firma,description,code
S190121,C0110,R0100,Wcześniejsze lata,0,2022,Allianz,,
S190121,C0010,R0160,N-9,38 473,2022,Allianz,,
S190121,C0020,R0160,N-9,14 491,2022,Allianz,,
S190121,C0030,R0160,N-9,2 202,2022,Allianz,,
S190121,C0040,R0160,N-9,1 467,2022,Allianz,,
S190121,C0050,R0160,N-9,65,2022,Allianz,,
S190121,C0060,R0160,N-9,104,2022,Allianz,,
S190121,C0070,R0160,N-9,44,2022,Allianz,,
S190121,C0080,R0160,N-9,74,2022,Allianz,,
S190121,C0090,R0160,N-9,236,2022,Allianz,,
S190121,C0100,R0160,N-9,19,2022,Allianz,,
S190121,C0010,R0170,N-8,42 141,2022,Allianz,,
S190121,C0020,R0170,N-8,16 202,2022,Allianz,,
S190121,C0030,R0170,N-8,2 648,2022,Allianz,,
S190121,C0040,R0170,N-8,1 105,2022,Allianz,,
S190121,C0050,R0170,N-8,77,2022,Allianz,,
S190121,C0060,R0170,N-8,18,2022,Allianz,,
S190121,C0070,R0170,N-8,28,2022,Allianz,,
S190121,C0080,R0170,N-8,1,2022,Allianz,,
S190121,C0090,R0170,N-8,0,2022,Allianz,,
S190121,C0010,R0180,N-7,43 982,2022,Allianz,,
S190121,C0020,R0180,N-7,21 475,2022,Allianz,,
S190121,C0030,R0180,N-7,3 037,2022,Allianz,,
S190121,C0040,R0180,N-7,702,2022,Allianz,,
S190121,C0050,R0180,N-7,163,2022,Allianz,,
S190121,C0060,R0180,N-7,27,2022,Allianz,,
S190121,C0070,R0180,N-7,9,2022,Allianz,,
S190121,C0080,R0180,N-7,271,2022,Allianz,,
S190121,C0010,R0190,N-6,48 351,2022,Allianz,,
S190121,C0020,R0190,N-6,19 571,2022,Allianz,,
S190121,C0030,R0190,N-6,3 086,2022,Allianz,,
S190121,C0040,R0190,N-6,1 271,2022,Allianz,,
S190121,C0050,R0190,N-6,130,2022,Allianz,,
S190121,C0060,R0190,N-6,125,2022,Allianz,,
S190121,C0070,R0190,N-6,149,2022,Allianz,,
S190121,C0010,R0200,N-5,52 203,2022,Allianz,,
S190121,C0020,R0200,N-5,21 587,2022,Allianz,,
S190121,C0030,R0200,N-5,3 445,2022,Allianz,,
S190121,C0040,R0200,N-5,1 439,2022,Allianz,,
S190121,C0050,R0200,N-5,334,2022,Allianz,,
S190121,C0060,R0200,N-5,79,2022,Allianz,,
S190121,C0010,R0210,N-4,59 353,2022,Allianz,,
S190121,C0020,R0210,N-4,22 712,2022,Allianz,,
S190121,C0030,R0210,N-4,2 720,2022,Allianz,,
S190121,C0040,R0210,N-4,1 154,2022,Allianz,,
S190121,C0050,R0210,N-4,216,2022,Allianz,,
S190121,C0010,R0220,N-3,62 358,2022,Allianz,,
S190121,C0020,R0220,N-3,24 143,2022,Allianz,,
S190121,C0030,R0220,N-3,3 999,2022,Allianz,,
S190121,C0040,R0220,N-3,1 418,2022,Allianz,,
S190121,C0010,R0230,N-2,58 546,2022,Allianz,,
S190121,C0020,R0230,N-2,23 148,2022,Allianz,,
S190121,C0030,R0230,N-2,4 622,2022,Allianz,,
S190121,C0010,R0240,N-1,64 652,2022,Allianz,,
S190121,C0020,R0240,N-1,28 706,2022,Allianz,,
S190121,C0010,R0250,N,71 171,2022,Allianz,,
S190121,C0110,R0100,Wcześniejsze lata,8,2023,Allianz,,
S190121,C0010,R0160,N-9,42 141,2023,Allianz,,
S190121,C0020,R0160,N-9,16 202,2023,Allianz,,
S190121,C0030,R0160,N-9,2 648,2023,Allianz,,
S190121,C0040,R0160,N-9,1 105,2023,Allianz,,
S190121,C0050,R0160,N-9,77,2023,Allianz,,
S190121,C0060,R0160,N-9,18,2023,Allianz,,
S190121,C0070,R0160,N-9,28,2023,Allianz,,
S190121,C0080,R0160,N-9,1,2023,Allianz,,
S190121,C0090,R0160,N-9,0,2023,Allianz,,
S190121,C0100,R0160,N-9,0,2023,Allianz,,
S190121,C0010,R0170,N-8,43 982,2023,Allianz,,
S190121,C0020,R0170,N-8,21 475,2023,Allianz,,
S190121,C0030,R0170,N-8,3 037,2023,Allianz,,
S190121,C0040,R0170,N-8,702,2023,Allianz,,
S190121,C0050,R0170,N-8,163,2023,Allianz,,
S190121,C0060,R0170,N-8,27,2023,Allianz,,
S190121,C0070,R0170,N-8,9,2023,Allianz,,
S190121,C0080,R0170,N-8,271,2023,Allianz,,
S190121,C0090,R0170,N-8,0,2023,Allianz,,
S190121,C0010,R0180,N-7,48 351,2023,Allianz,,
S190121,C0020,R0180,N-7,19 571,2023,Allianz,,
S190121,C0030,R0180,N-7,3 086,2023,Allianz,,
S190121,C0040,R0180,N-7,1 271,2023,Allianz,,
S190121,C0050,R0180,N-7,130,2023,Allianz,,
S190121,C0060,R0180,N-7,125,2023,Allianz,,
S190121,C0070,R0180,N-7,149,2023,Allianz,,
S190121,C0080,R0180,N-7,346,2023,Allianz,,
S190121,C0010,R0190,N-6,52 203,2023,Allianz,,
S190121,C0020,R0190,N-6,21 587,2023,Allianz,,
S190121,C0030,R0190,N-6,3 445,2023,Allianz,,
S190121,C0040,R0190,N-6,1 439,2023,Allianz,,
S190121,C0050,R0190,N-6,334,2023,Allianz,,
S190121,C0060,R0190,N-6,79,2023,Allianz,,
S190121,C0070,R0190,N-6,147,2023,Allianz,,
S190121,C0010,R0200,N-5,59 353,2023,Allianz,,
S190121,C0020,R0200,N-5,22 712,2023,Allianz,,
S190121,C0030,R0200,N-5,2 720,2023,Allianz,,
S190121,C0040,R0200,N-5,1 154,2023,Allianz,,
S190121,C0050,R0200,N-5,216,2023,Allianz,,
S190121,C0060,R0200,N-5,136,2023,Allianz,,
S190121,C0010,R0210,N-4,62 358,2023,Allianz,,
S190121,C0020,R0210,N-4,24 143,2023,Allianz,,
S190121,C0030,R0210,N-4,3 999,2023,Allianz,,
S190121,C0040,R0210,N-4,1 418,2023,Allianz,,
S190121,C0050,R0210,N-4,210,2023,Allianz,,
S190121,C0010,R0220,N-3,58 546,2023,Allianz,,
S190121,C0020,R0220,N-3,23 148,2023,Allianz,,
S190121,C0030,R0220,N-3,4 622,2023,Allianz,,
S190121,C0040,R0220,N-3,1 606,2023,Allianz,,
S190121,C0010,R0230,N-2,64 652,2023,Allianz,,
S190121,C0020,R0230,N-2,28 706,2023,Allianz,,
S190121,C0030,R0230,N-2,4 568,2023,Allianz,,
S190121,C0010,R0240,N-1,71 171,2023,Allianz,,
S190121,C0020,R0240,N-1,30 596,2023,Allianz,,
S190121,C0010,R0250,N,74 964,2023,Allianz,,
S190121,C0110,R0100,Wcześniejsze lata,21 501,2022,Warta,,
S190121,C0010,R0160,N-9,975 450,2022,Warta,,
S190121,C0020,R0160,N-9,335 157,2022,Warta,,
S190121,C0030,R0160,N-9,109 187,2022,Warta,,
S190121,C0040,R0160,N-9,55 296,2022,Warta,,
S190121,C0050,R0160,N-9,33 068,2022,Warta,,
S190121,C0060,R0160,N-9,19 802,2022,Warta,,
S190121,C0070,R0160,N-9,8 282,2022,Warta,,
S190121,C0080,R0160,N-9,14 595,2022,Warta,,
S190121,C0090,R0160,N-9,-12 736,2022,Warta,,
S190121,C0100,R0160,N-9,4 219,2022,Warta,,
S190121,C0010,R0170,N-8,880 529,2022,Warta,,
S190121,C0020,R0170,N-8,485 217,2022,Warta,,
S190121,C0030,R0170,N-8,74 839,2022,Warta,,
S190121,C0040,R0170,N-8,121 417,2022,Warta,,
S190121,C0050,R0170,N-8,34 947,2022,Warta,,
S190121,C0060,R0170,N-8,21 519,2022,Warta,,
S190121,C0070,R0170,N-8,9 719,2022,Warta,,
S190121,C0080,R0170,N-8,8 233,2022,Warta,,
S190121,C0090,R0170,N-8,2 820,2022,Warta,,
S190121,C0010,R0180,N-7,1 137 266,2022,Warta,,
S190121,C0020,R0180,N-7,654 635,2022,Warta,,
S190121,C0030,R0180,N-7,269 164,2022,Warta,,
S190121,C0040,R0180,N-7,81 313,2022,Warta,,
S190121,C0050,R0180,N-7,25 040,2022,Warta,,
S190121,C0060,R0180,N-7,34 548,2022,Warta,,
S190121,C0070,R0180,N-7,14 898,2022,Warta,,
S190121,C0080,R0180,N-7,6 668,2022,Warta,,
S190121,C0010,R0190,N-6,1 175 491,2022,Warta,,
S190121,C0020,R0190,N-6,390 182,2022,Warta,,
S190121,C0030,R0190,N-6,88 745,2022,Warta,,
S190121,C0040,R0190,N-6,49 337,2022,Warta,,
S190121,C0050,R0190,N-6,35 760,2022,Warta,,
S190121,C0060,R0190,N-6,19 019,2022,Warta,,
S190121,C0070,R0190,N-6,14 328,2022,Warta,,
S190121,C0010,R0200,N-5,1 399 977,2022,Warta,,
S190121,C0020,R0200,N-5,502 069,2022,Warta,,
S190121,C0030,R0200,N-5,133 584,2022,Warta,,
S190121,C0040,R0200,N-5,59 094,2022,Warta,,
S190121,C0050,R0200,N-5,20 420,2022,Warta,,
S190121,C0060,R0200,N-5,24 835,2022,Warta,,
S190121,C0010,R0210,N-4,1 515 617,2022,Warta,,
S190121,C0020,R0210,N-4,510 055,2022,Warta,,
S190121,C0030,R0210,N-4,92 872,2022,Warta,,
S190121,C0040,R0210,N-4,51 257,2022,Warta,,
S190121,C0050,R0210,N-4,43 990,2022,Warta,,
S190121,C0010,R0220,N-3,1 840 716,2022,Warta,,
S190121,C0020,R0220,N-3,557 413,2022,Warta,,
S190121,C0030,R0220,N-3,104 208,2022,Warta,,
S190121,C0040,R0220,N-3,72 230,2022,Warta,,
S190121,C0010,R0230,N-2,1 835 428,2022,Warta,,
S190121,C0020,R0230,N-2,501 449,2022,Warta,,
S190121,C0030,R0230,N-2,90 487,2022,Warta,,
S190121,C0010,R0240,N-1,2 278 862,2022,Warta,,
S190121,C0020,R0240,N-1,659 904,2022,Warta,,
S190121,C0010,R0250,N,2 669 491,2022,Warta,,
S190121,C0110,R0100,Wcześniejsze lata,21 626,2023,Warta,,
S190121,C0010,R0160,N-9,876 750,2023,Warta,,
S190121,C0020,R0160,N-9,477 614,2023,Warta,,
S190121,C0030,R0160,N-9,72 645,2023,Warta,,
S190121,C0040,R0160,N-9,119 912,2023,Warta,,
S190121,C0050,R0160,N-9,34 291,2023,Warta,,
S190121,C0060,R0160,N-9,21 065,2023,Warta,,
S190121,C0070,R0160,N-9,9 660,2023,Warta,,
S190121,C0080,R0160,N-9,8 186,2023,Warta,,
S190121,C0090,R0160,N-9,2 877,2023,Warta,,
S190121,C0100,R0160,N-9,2 931,2023,Warta,,
S190121,C0010,R0170,N-8,1 128 925,2023,Warta,,
S190121,C0020,R0170,N-8,641 193,2023,Warta,,
S190121,C0030,R0170,N-8,260 974,2023,Warta,,
S190121,C0040,R0170,N-8,80 371,2023,Warta,,
S190121,C0050,R0170,N-8,24 670,2023,Warta,,
S190121,C0060,R0170,N-8,34 113,2023,Warta,,
S190121,C0070,R0170,N-8,14 608,2023,Warta,,
S190121,C0080,R0170,N-8,6 527,2023,Warta,,
S190121,C0090,R0170,N-8,9 248,2023,Warta,,
S190121,C0010,R0180,N-7,1 172 231,2023,Warta,,
S190121,C0020,R0180,N-7,385 295,2023,Warta,,
S190121,C0030,R0180,N-7,87 151,2023,Warta,,
S190121,C0040,R0180,N-7,48 750,2023,Warta,,
S190121,C0050,R0180,N-7,35 426,2023,Warta,,
S190121,C0060,R0180,N-7,18 856,2023,Warta,,
S190121,C0070,R0180,N-7,14 070,2023,Warta,,
S190121,C0080,R0180,N-7,7 243,2023,Warta,,
S190121,C0010,R0190,N-6,1 396 694,2023,Warta,,
S190121,C0020,R0190,N-6,494 332,2023,Warta,,
S190121,C0030,R0190,N-6,129 748,2023,Warta,,
S190121,C0040,R0190,N-6,57 530,2023,Warta,,
S190121,C0050,R0190,N-6,22 372,2023,Warta,,
S190121,C0060,R0190,N-6,24 436,2023,Warta,,
S190121,C0070,R0190,N-6,27 709,2023,Warta,,
S190121,C0010,R0200,N-5,1 510 640,2023,Warta,,
S190121,C0020,R0200,N-5,500 579,2023,Warta,,
S190121,C0030,R0200,N-5,90 786,2023,Warta,,
S190121,C0040,R0200,N-5,50 174,2023,Warta,,
S190121,C0050,R0200,N-5,43 574,2023,Warta,,
S190121,C0060,R0200,N-5,25 187,2023,Warta,,
S190121,C0010,R0210,N-4,1 835 456,2023,Warta,,
S190121,C0020,R0210,N-4,548 941,2023,Warta,,
S190121,C0030,R0210,N-4,101 127,2023,Warta,,
S190121,C0040,R0210,N-4,70 317,2023,Warta,,
S190121,C0050,R0210,N-4,40 918,2023,Warta,,
S190121,C0010,R0220,N-3,1 830 565,2023,Warta,,
S190121,C0020,R0220,N-3,492 252,2023,Warta,,
S190121,C0030,R0220,N-3,88 942,2023,Warta,,
S190121,C0040,R0220,N-3,51 589,2023,Warta,,
S190121,C0010,R0230,N-2,2 272 123,2023,Warta,,
S190121,C0020,R0230,N-2,648 121,2023,Warta,,
S190121,C0030,R0230,N-2,123 272,2023,Warta,,
S190121,C0010,R0240,N-1,2 663 156,2023,Warta,,
S190121,C0020,R0240,N-1,845 534,2023,Warta,,
S190121,C0010,R0250,N,3 081 839,2023,Warta,,
S190121,C0010,,,0,2019,ErgoHestia,Wcześniejsze lata,R0100
S190121,C0010,,,1 086 100,2019,ErgoHestia,N–9,R0160
S190121,C0010,,,891 457,2019,ErgoHestia,N–8,R0170
S190121,C0010,,,937 316,2019,ErgoHestia,N–7,R0180
S190121,C0010,,,1 007 596,2019,ErgoHestia,N–6,R0190
S190121,C0010,,,1 005 291,2019,ErgoHestia,N–5,R0200
S190121,C0010,,,1 269 215,2019,ErgoHestia,N–4,R0210
S190121,C0010,,,1 306 354,2019,ErgoHestia,N–3,R0220
S190121,C0010,,,1 411 077,2019,ErgoHestia,N–2,R0230
S190121,C0010,,,1 789 635,2019,ErgoHestia,N–1,R0240
S190121,C0010,,,1 997 280,2019,ErgoHestia,N,R0250
S190121,C0020,,,0,2019,ErgoHestia,Wcześniejsze lata,R0100
S190121,C0020,,,458 837,2019,ErgoHestia,N–9,R0160
S190121,C0020,,,345 035,2019,ErgoHestia,N–8,R0170
S190121,C0020,,,404 304,2019,ErgoHestia,N–7,R0180
S190121,C0020,,,407 855,2019,ErgoHestia,N–6,R0190
S190121,C0020,,,418 644,2019,ErgoHestia,N–5,R0200
S190121,C0020,,,611 203,2019,ErgoHestia,N–4,R0210
S190121,C0020,,,497 994,2019,ErgoHestia,N–3,R0220
S190121,C0020,,,587 157,2019,ErgoHestia,N–2,R0230
S190121,C0020,,,707 338,2019,ErgoHestia,N–1,R0240
S190121,C0020,,,0,2019,ErgoHestia,N,R0250
S190121,C0030,,,0,2019,ErgoHestia,Wcześniejsze lata,R0100
S190121,C0030,,,82 501,2019,ErgoHestia,N–9,R0160
S190121,C0030,,,95 639,2019,ErgoHestia,N–8,R0170
S190121,C0030,,,96 403,2019,ErgoHestia,N–7,R0180
S190121,C0030,,,85 685,2019,ErgoHestia,N–6,R0190
S190121,C0030,,,77 609,2019,ErgoHestia,N–5,R0200
S190121,C0030,,,152 347,2019,ErgoHestia,N–4,R0210
S190121,C0030,,,94 620,2019,ErgoHestia,N–3,R0220
S190121,C0030,,,103 171,2019,ErgoHestia,N–2,R0230
S190121,C0030,,,0,2019,ErgoHestia,N–1,R0240
S190121,C0030,,,0,2019,ErgoHestia,N,R0250
S190121,C0040,,,0,2019,ErgoHestia,Wcześniejsze lata,R0100
S190121,C0040,,,66 350,2019,ErgoHestia,N–9,R0160
S190121,C0040,,,56 848,2019,ErgoHestia,N–8,R0170
S190121,C0040,,,49 380,2019,ErgoHestia,N–7,R0180
S190121,C0040,,,49 137,2019,ErgoHestia,N–6,R0190
S190121,C0040,,,42 755,2019,ErgoHestia,N–5,R0200
S190121,C0040,,,73 019,2019,ErgoHestia,N–4,R0210
S190121,C0040,,,70 212,2019,ErgoHestia,N–3,R0220
S190121,C0040,,,0,2019,ErgoHestia,N–2,R0230
S190121,C0040,,,0,2019,ErgoHestia,N–1,R0240
S190121,C0040,,,0,2019,ErgoHestia,N,R0250
S190121,C0050,,,0,2019,ErgoHestia,Wcześniejsze lata,R0100
S190121,C0050,,,41 476,2019,ErgoHestia,N–9,R0160
S190121,C0050,,,26 623,2019,ErgoHestia,N–8,R0170
S190121,C0050,,,39 278,2019,ErgoHestia,N–7,R0180
S190121,C0050,,,36 079,2019,ErgoHestia,N–6,R0190
S190121,C0050,,,31 698,2019,ErgoHestia,N–5,R0200
S190121,C0050,,,30 572,2019,ErgoHestia,N–4,R0210
S190121,C0050,,,0,2019,ErgoHestia,N–3,R0220
S190121,C0050,,,0,2019,ErgoHestia,N–2,R0230
S190121,C0050,,,0,2019,ErgoHestia,N–1,R0240
S190121,C0050,,,0,2019,ErgoHestia,N,R0250
S190121,C0060,,,0,2019,ErgoHestia,Wcześniejsze lata,R0100
S190121,C0060,,,15 100,2019,ErgoHestia,N–9,R0160
S190121,C0060,,,25 872,2019,ErgoHestia,N–8,R0170
S190121,C0060,,,21 521,2019,ErgoHestia,N–7,R0180
S190121,C0060,,,18 595,2019,ErgoHestia,N–6,R0190
S190121,C0060,,,18 386,2019,ErgoHestia,N–5,R0200
S190121,C0060,,,0,2019,ErgoHestia,N–4,R0210
S190121,C0060,,,0,2019,ErgoHestia,N–3,R0220
S190121,C0060,,,0,2019,ErgoHestia,N–2,R0230
S190121,C0060,,,0,2019,ErgoHestia,N–1,R0240
S190121,C0060,,,0,2019,ErgoHestia,N,R0250
S190121,C0070,,,0,2019,ErgoHestia,Wcześniejsze lata,R0100
S190121,C0070,,,20 369,2019,ErgoHestia,N–9,R0160
S190121,C0070,,,15 387,2019,ErgoHestia,N–8,R0170
S190121,C0070,,,13 406,2019,ErgoHestia,N–7,R0180
S190121,C0070,,,15 507,2019,ErgoHestia,N–6,R0190
S190121,C0070,,,0,2019,ErgoHestia,N–5,R0200
S190121,C0070,,,0,2019,ErgoHestia,N–4,R0210
S190121,C0070,,,0,2019,ErgoHestia,N–3,R0220
S190121,C0070,,,0,2019,ErgoHestia,N–2,R0230
S190121,C0070,,,0,2019,ErgoHestia,N–1,R0240
S190121,C0070,,,0,2019,ErgoHestia,N,R0250
S190121,C0080,,,0,2019,ErgoHestia,Wcześniejsze lata,R0100
S190121,C0080,,,10 150,2019,ErgoHestia,N–9,R0160
S190121,C0080,,,8 782,2019,ErgoHestia,N–8,R0170
S190121,C0080,,,13 693,2019,ErgoHestia,N–7,R0180
S190121,C0080,,,0,2019,ErgoHestia,N–6,R0190
S190121,C0080,,,0,2019,ErgoHestia,N–5,R0200
S190121,C0080,,,0,2019,ErgoHestia,N–4,R0210
S190121,C0080,,,0,2019,ErgoHestia,N–3,R0220
S190121,C0080,,,0,2019,ErgoHestia,N–2,R0230
S190121,C0080,,,0,2019,ErgoHestia,N–1,R0240
S190121,C0080,,,0,2019,ErgoHestia,N,R0250
S190121,C0090,,,0,2019,ErgoHestia,Wcześniejsze lata,R0100
S190121,C0090,,,6 664,2019,ErgoHestia,N–9,R0160
S190121,C0090,,,7 000,2019,ErgoHestia,N–8,R0170
S190121,C0090,,,0,2019,ErgoHestia,N–7,R0180
S190121,C0090,,,0,2019,ErgoHestia,N–6,R0190
S190121,C0090,,,0,2019,ErgoHestia,N–5,R0200
S190121,C0090,,,0,2019,ErgoHestia,N–4,R0210
S190121,C0090,,,0,2019,ErgoHestia,N–3,R0220
S190121,C0090,,,0,2019,ErgoHestia,N–2,R0230
S190121,C0090,,,0,2019,ErgoHestia,N–1,R0240
S190121,C0090,,,0,2019,ErgoHestia,N,R0250
S190121,C0100,,,0,2019,ErgoHestia,Wcześniejsze lata,R0100
S190121,C0100,,,9 054,2019,ErgoHestia,N–9,R0160
S190121,C0100,,,0,2019,ErgoHestia,N–8,R0170
S190121,C0100,,,0,2019,ErgoHestia,N–7,R0180
S190121,C0100,,,0,2019,ErgoHestia,N–6,R0190
S190121,C0100,,,0,2019,ErgoHestia,N–5,R0200
S190121,C0100,,,0,2019,ErgoHestia,N–4,R0210
S190121,C0100,,,0,2019,ErgoHestia,N–3,R0220
S190121,C0100,,,0,2019,ErgoHestia,N–2,R0230
S190121,C0100,,,0,2019,ErgoHestia,N–1,R0240
S190121,C0100,,,0,2019,ErgoHestia,N,R0250
S190121,C0010,,,0,2020,ErgoHestia,Wcześniejsze lata,R0100
S190121,C0010,,,892 970,2020,ErgoHestia,N–9,R0160
S190121,C0010,,,939 865,2020,ErgoHestia,N–8,R0170
S190121,C0010,,,1 010 442,2020,ErgoHestia,N–7,R0180
S190121,C0010,,,1 007 908,2020,ErgoHestia,N–6,R0190
S190121,C0010,,,1 271 611,2020,ErgoHestia,N–5,R0200
S190121,C0010,,,1 308 905,2020,ErgoHestia,N–4,R0210
S190121,C0010,,,1 414 927,2020,ErgoHestia,N–3,R0220
S190121,C0010,,,1 792 946,2020,ErgoHestia,N–2,R0230
S190121,C0010,,,2 000 727,2020,ErgoHestia,N–1,R0240
S190121,C0010,,,1 898 197,2020,ErgoHestia,N,R0250
S190121,C0020,,,0,2020,ErgoHestia,Wcześniejsze lata,R0100
S190121,C0020,,,348 356,2020,ErgoHestia,N–9,R0160
S190121,C0020,,,409 221,2020,ErgoHestia,N–8,R0170
S190121,C0020,,,412 067,2020,ErgoHestia,N–7,R0180
S190121,C0020,,,424 535,2020,ErgoHestia,N–6,R0190
S190121,C0020,,,616 160,2020,ErgoHestia,N–5,R0200
S190121,C0020,,,504 009,2020,ErgoHestia,N–4,R0210
S190121,C0020,,,593 818,2020,ErgoHestia,N–3,R0220
S190121,C0020,,,714 916,2020,ErgoHestia,N–2,R0230
S190121,C0020,,,838 696,2020,ErgoHestia,N–1,R0240
S190121,C0020,,,0,2020,ErgoHestia,N,R0250
S190121,C0030,,,0,2020,ErgoHestia,Wcześniejsze lata,R0100
S190121,C0030,,,98 019,2020,ErgoHestia,N–9,R0160
S190121,C0030,,,97 591,2020,ErgoHestia,N–8,R0170
S190121,C0030,,,86 678,2020,ErgoHestia,N–7,R0180
S190121,C0030,,,78 816,2020,ErgoHestia,N–6,R0190
S190121,C0030,,,153 715,2020,ErgoHestia,N–5,R0200
S190121,C0030,,,96 142,2020,ErgoHestia,N–4,R0210
S190121,C0030,,,104 845,2020,ErgoHestia,N–3,R0220
S190121,C0030,,,133 202,2020,ErgoHestia,N–2,R0230
S190121,C0030,,,0,2020,ErgoHestia,N–1,R0240
S190121,C0030,,,0,2020,ErgoHestia,N,R0250
S190121,C0040,,,0,2020,ErgoHestia,Wcześniejsze lata,R0100
S190121,C0040,,,57 463,2020,ErgoHestia,N–9,R0160
S190121,C0040,,,49 767,2020,ErgoHestia,N–8,R0170
S190121,C0040,,,49 448,2020,ErgoHestia,N–7,R0180
S190121,C0040,,,43 699,2020,ErgoHestia,N–6,R0190
S190121,C0040,,,73 793,2020,ErgoHestia,N–5,R0200
S190121,C0040,,,71 209,2020,ErgoHestia,N–4,R0210
S190121,C0040,,,80 880,2020,ErgoHestia,N–3,R0220
S190121,C0040,,,0,2020,ErgoHestia,N–2,R0230
S190121,C0040,,,0,2020,ErgoHestia,N–1,R0240
S190121,C0040,,,0,2020,ErgoHestia,N,R0250
S190121,C0050,,,0,2020,ErgoHestia,Wcześniejsze lata,R0100
S190121,C0050,,,26 917,2020,ErgoHestia,N–9,R0160
S190121,C0050,,,39 581,2020,ErgoHestia,N–8,R0170
S190121,C0050,,,36 604,2020,ErgoHestia,N–7,R0180
S190121,C0050,,,32 042,2020,ErgoHestia,N–6,R0190
S190121,C0050,,,30 994,2020,ErgoHestia,N–5,R0200
S190121,C0050,,,43 713,2020,ErgoHestia,N–4,R0210
S190121,C0050,,,0,2020,ErgoHestia,N–3,R0220
S190121,C0050,,,0,2020,ErgoHestia,N–2,R0230
S190121,C0050,,,0,2020,ErgoHestia,N–1,R0240
S190121,C0050,,,0,2020,ErgoHestia,N,R0250
S190121,C0060,,,0,2020,ErgoHestia,Wcześniejsze lata,R0100
S190121,C0060,,,26 013,2020,ErgoHestia,N–9,R0160
S190121,C0060,,,21 607,2020,ErgoHestia,N–8,R0170
S190121,C0060,,,18 762,2020,ErgoHestia,N–7,R0180
S190121,C0060,,,18 653,2020,ErgoHestia,N–6,R0190
S190121,C0060,,,20 180,2020,ErgoHestia,N–5,R0200
S190121,C0060,,,0,2020,ErgoHestia,N–4,R0210
S190121,C0060,,,0,2020,ErgoHestia,N–3,R0220
S190121,C0060,,,0,2020,ErgoHestia,N–2,R0230
S190121,C0060,,,0,2020,ErgoHestia,N–1,R0240
S190121,C0060,,,0,2020,ErgoHestia,N,R0250
S190121,C0070,,,0,2020,ErgoHestia,Wcześniejsze lata,R0100
S190121,C0070,,,15 492,2020,ErgoHestia,N–9,R0160
S190121,C0070,,,13 612,2020,ErgoHestia,N–8,R0170
S190121,C0070,,,15 605,2020,ErgoHestia,N–7,R0180
S190121,C0070,,,15 313,2020,ErgoHestia,N–6,R0190
S190121,C0070,,,0,2020,ErgoHestia,N–5,R0200
S190121,C0070,,,0,2020,ErgoHestia,N–4,R0210
S190121,C0070,,,0,2020,ErgoHestia,N–3,R0220
S190121,C0070,,,0,2020,ErgoHestia,N–2,R0230
S190121,C0070,,,0,2020,ErgoHestia,N–1,R0240
S190121,C0070,,,0,2020,ErgoHestia,N,R0250
S190121,C0080,,,0,2020,ErgoHestia,Wcześniejsze lata,R0100
S190121,C0080,,,8 799,2020,ErgoHestia,N–9,R0160
S190121,C0080,,,13 787,2020,ErgoHestia,N–8,R0170
S190121,C0080,,,12 548,2020,ErgoHestia,N–7,R0180
S190121,C0080,,,0,2020,ErgoHestia,N–6,R0190
S190121,C0080,,,0,2020,ErgoHestia,N–5,R0200
S190121,C0080,,,0,2020,ErgoHestia,N–4,R0210
S190121,C0080,,,0,2020,ErgoHestia,N–3,R0220
S190121,C0080,,,0,2020,ErgoHestia,N–2,R0230
S190121,C0080,,,0,2020,ErgoHestia,N–1,R0240
S190121,C0080,,,0,2020,ErgoHestia,N,R0250
S190121,C0090,,,0,2020,ErgoHestia,Wcześniejsze lata,R0100
S190121,C0090,,,7 010,2020,ErgoHestia,N–9,R0160
S190121,C0090,,,6 038,2020,ErgoHestia,N–8,R0170
S190121,C0090,,,0,2020,ErgoHestia,N–7,R0180
S190121,C0090,,,0,2020,ErgoHestia,N–6,R0190
S190121,C0090,,,0,2020,ErgoHestia,N–5,R0200
S190121,C0090,,,0,2020,ErgoHestia,N–4,R0210
S190121,C0090,,,0,2020,ErgoHestia,N–3,R0220
S190121,C0090,,,0,2020,ErgoHestia,N–2,R0230
S190121,C0090,,,0,2020,ErgoHestia,N–1,R0240
S190121,C0090,,,0,2020,ErgoHestia,N,R0250
S190121,C0100,,,0,2020,ErgoHestia,Wcześniejsze lata,R0100
S190121,C0100,,,13 129,2020,ErgoHestia,N–9,R0160
S190121,C0100,,,0,2020,ErgoHestia,N–8,R0170
S190121,C0100,,,0,2020,ErgoHestia,N–7,R0180
S190121,C0100,,,0,2020,ErgoHestia,N–6,R0190
S190121,C0100,,,0,2020,ErgoHestia,N–5,R0200
S190121,C0100,,,0,2020,ErgoHestia,N–4,R0210
S190121,C0100,,,0,2020,ErgoHestia,N–3,R0220
S190121,C0100,,,0,2020,ErgoHestia,N–2,R0230
S190121,C0100,,,0,2020,ErgoHestia,N–1,R0240
S190121,C0100,,,0,2020,ErgoHestia,N,R0250
S190121,C0010,,,0,2021,ErgoHestia,Wcześniejsze lata,R0100
S190121,C0010,,,939 792,2021,ErgoHestia,N–9,R0160
S190121,C0010,,,1 010 350,2021,ErgoHestia,N–8,R0170
S190121,C0010,,,1 007 823,2021,ErgoHestia,N–7,R0180
S190121,C0010,,,1 271 529,2021,ErgoHestia,N–6,R0190
S190121,C0010,,,1 308 772,2021,ErgoHestia,N–5,R0200
S190121,C0010,,,1 414 784,2021,ErgoHestia,N–4,R0210
S190121,C0010,,,1 792 805,2021,ErgoHestia,N–3,R0220
S190121,C0010,,,2 000 558,2021,ErgoHestia,N–2,R0230
S190121,C0010,,,1 898 057,2021,ErgoHestia,N–1,R0240
S190121,C0010,,,2 234 906,2021,ErgoHestia,N,R0250
S190121,C0020,,,0,2021,ErgoHestia,Wcześniejsze lata,R0100
S190121,C0020,,,409 071,2021,ErgoHestia,N–9,R0160
S190121,C0020,,,411 928,2021,ErgoHestia,N–8,R0170
S190121,C0020,,,424 348,2021,ErgoHestia,N–7,R0180
S190121,C0020,,,615 922,2021,ErgoHestia,N–6,R0190
S190121,C0020,,,503 765,2021,ErgoHestia,N–5,R0200
S190121,C0020,,,593 571,2021,ErgoHestia,N–4,R0210
S190121,C0020,,,714 548,2021,ErgoHestia,N–3,R0220
S190121,C0020,,,838 336,2021,ErgoHestia,N–2,R0230
S190121,C0020,,,641 394,2021,ErgoHestia,N–1,R0240
S190121,C0020,,,0,2021,ErgoHestia,N,R0250
S190121,C0030,,,0,2021,ErgoHestia,Wcześniejsze lata,R0100
S190121,C0030,,,97 552,2021,ErgoHestia,N–9,R0160
S190121,C0030,,,86 646,2021,ErgoHestia,N–8,R0170
S190121,C0030,,,78 750,2021,ErgoHestia,N–7,R0180
S190121,C0030,,,153 658,2021,ErgoHestia,N–6,R0190
S190121,C0030,,,96 086,2021,ErgoHestia,N–5,R0200
S190121,C0030,,,104 764,2021,ErgoHestia,N–4,R0210
S190121,C0030,,,133 081,2021,ErgoHestia,N–3,R0220
S190121,C0030,,,135 645,2021,ErgoHestia,N–2,R0230
S190121,C0030,,,0,2021,ErgoHestia,N–1,R0240
S190121,C0030,,,0,2021,ErgoHestia,N,R0250
S190121,C0040,,,0,2021,ErgoHestia,Wcześniejsze lata,R0100
S190121,C0040,,,49 755,2021,ErgoHestia,N–9,R0160
S190121,C0040,,,49 432,2021,ErgoHestia,N–8,R0170
S190121,C0040,,,43 665,2021,ErgoHestia,N–7,R0180
S190121,C0040,,,73 763,2021,ErgoHestia,N–6,R0190
S190121,C0040,,,71 160,2021,ErgoHestia,N–5,R0200
S190121,C0040,,,80 846,2021,ErgoHestia,N–4,R0210
S190121,C0040,,,74 491,2021,ErgoHestia,N–3,R0220
S190121,C0040,,,0,2021,ErgoHestia,N–2,R0230
S190121,C0040,,,0,2021,ErgoHestia,N–1,R0240
S190121,C0040,,,0,2021,ErgoHestia,N,R0250
S190121,C0050,,,0,2021,ErgoHestia,Wcześniejsze lata,R0100
S190121,C0050,,,39 565,2021,ErgoHestia,N–9,R0160
S190121,C0050,,,36 585,2021,ErgoHestia,N–8,R0170
S190121,C0050,,,32 028,2021,ErgoHestia,N–7,R0180
S190121,C0050,,,30 970,2021,ErgoHestia,N–6,R0190
S190121,C0050,,,43 689,2021,ErgoHestia,N–5,R0200
S190121,C0050,,,83 764,2021,ErgoHestia,N–4,R0210
S190121,C0050,,,0,2021,ErgoHestia,N–3,R0220
S190121,C0050,,,0,2021,ErgoHestia,N–2,R0230
S190121,C0050,,,0,2021,ErgoHestia,N–1,R0240
S190121,C0050,,,0,2021,ErgoHestia,N,R0250
S190121,C0060,,,0,2021,ErgoHestia,Wcześniejsze lata,R0100
S190121,C0060,,,21 603,2021,ErgoHestia,N–9,R0160
S190121,C0060,,,18 756,2021,ErgoHestia,N–8,R0170
S190121,C0060,,,18 640,2021,ErgoHestia,N–7,R0180
S190121,C0060,,,20 168,2021,ErgoHestia,N–6,R0190
S190121,C0060,,,25 360,2021,ErgoHestia,N–5,R0200
S190121,C0060,,,0,2021,ErgoHestia,N–4,R0210
S190121,C0060,,,0,2021,ErgoHestia,N–3,R0220
S190121,C0060,,,0,2021,ErgoHestia,N–2,R0230
S190121,C0060,,,0,2021,ErgoHestia,N–1,R0240
S190121,C0060,,,0,2021,ErgoHestia,N,R0250
S190121,C0070,,,0,2021,ErgoHestia,Wcześniejsze lata,R0100
S190121,C0070,,,13 603,2021,ErgoHestia,N–9,R0160
S190121,C0070,,,15 600,2021,ErgoHestia,N–8,R0170
S190121,C0070,,,15 305,2021,ErgoHestia,N–7,R0180
S190121,C0070,,,12 066,2021,ErgoHestia,N–6,R0190
S190121,C0070,,,0,2021,ErgoHestia,N–5,R0200
S190121,C0070,,,0,2021,ErgoHestia,N–4,R0210
S190121,C0070,,,0,2021,ErgoHestia,N–3,R0220
S190121,C0070,,,0,2021,ErgoHestia,N–2,R0230
S190121,C0070,,,0,2021,ErgoHestia,N–1,R0240
S190121,C0070,,,0,2021,ErgoHestia,N,R0250
S190121,C0080,,,0,2021,ErgoHestia,Wcześniejsze lata,R0100
S190121,C0080,,,13 783,2021,ErgoHestia,N–9,R0160
S190121,C0080,,,12 544,2021,ErgoHestia,N–8,R0170
S190121,C0080,,,8 564,2021,ErgoHestia,N–7,R0180
S190121,C0080,,,0,2021,ErgoHestia,N–6,R0190
S190121,C0080,,,0,2021,ErgoHestia,N–5,R0200
S190121,C0080,,,0,2021,ErgoHestia,N–4,R0210
S190121,C0080,,,0,2021,ErgoHestia,N–3,R0220
S190121,C0080,,,0,2021,ErgoHestia,N–2,R0230
S190121,C0080,,,0,2021,ErgoHestia,N–1,R0240
S190121,C0080,,,0,2021,ErgoHestia,N,R0250
S190121,C0090,,,0,2021,ErgoHestia,Wcześniejsze lata,R0100
S190121,C0090,,,6 036,2021,ErgoHestia,N–9,R0160
S190121,C0090,,,6 613,2021,ErgoHestia,N–8,R0170
S190121,C0090,,,0,2021,ErgoHestia,N–7,R0180
S190121,C0090,,,0,2021,ErgoHestia,N–6,R0190
S190121,C0090,,,0,2021,ErgoHestia,N–5,R0200
S190121,C0090,,,0,2021,ErgoHestia,N–4,R0210
S190121,C0090,,,0,2021,ErgoHestia,N–3,R0220
S190121,C0090,,,0,2021,ErgoHestia,N–2,R0230
S190121,C0090,,,0,2021,ErgoHestia,N–1,R0240
S190121,C0090,,,0,2021,ErgoHestia,N,R0250
S190121,C0100,,,0,2021,ErgoHestia,Wcześniejsze lata,R0100
S190121,C0100,,,3 833,2021,ErgoHestia,N–9,R0160
S190121,C0100,,,0,2021,ErgoHestia,N–8,R0170
S190121,C0100,,,0,2021,ErgoHestia,N–7,R0180
S190121,C0100,,,0,2021,ErgoHestia,N–6,R0190
S190121,C0100,,,0,2021,ErgoHestia,N–5,R0200
S190121,C0100,,,0,2021,ErgoHestia,N–4,R0210
S190121,C0100,,,0,2021,ErgoHestia,N–3,R0220
S190121,C0100,,,0,2021,ErgoHestia,N–2,R0230
S190121,C0100,,,0,2021,ErgoHestia,N–1,R0240
S190121,C0100,,,0,2021,ErgoHestia,N,R0250
S190121,C0010,,,0,2022,ErgoHestia,Wcześniejsze lata,R0100
S190121,C0010,,,1 010 889,2022,ErgoHestia,N–9,R0160
S190121,C0010,,,1 008 320,2022,ErgoHestia,N–8,R0170
S190121,C0010,,,1 272 012,2022,ErgoHestia,N–7,R0180
S190121,C0010,,,1 309 551,2022,ErgoHestia,N–6,R0190
S190121,C0010,,,1 415 621,2022,ErgoHestia,N–5,R0200
S190121,C0010,,,1 793 635,2022,ErgoHestia,N–4,R0210
S190121,C0010,,,2 001 547,2022,ErgoHestia,N–3,R0220
S190121,C0010,,,1 898 877,2022,ErgoHestia,N–2,R0230
S190121,C0010,,,2 235 973,2022,ErgoHestia,N–1,R0240
S190121,C0010,,,2 367 626,2022,ErgoHestia,N,R0250
S190121,C0020,,,0,2022,ErgoHestia,Wcześniejsze lata,R0100
S190121,C0020,,,412 746,2022,ErgoHestia,N–9,R0160
S190121,C0020,,,425 448,2022,ErgoHestia,N–8,R0170
S190121,C0020,,,617 320,2022,ErgoHestia,N–7,R0180
S190121,C0020,,,505 198,2022,ErgoHestia,N–6,R0190
S190121,C0020,,,595 024,2022,ErgoHestia,N–5,R0200
S190121,C0020,,,716 710,2022,ErgoHestia,N–4,R0210
S190121,C0020,,,840 454,2022,ErgoHestia,N–3,R0220
S190121,C0020,,,643 378,2022,ErgoHestia,N–2,R0230
S190121,C0020,,,842 713,2022,ErgoHestia,N–1,R0240
S190121,C0020,,,0,2022,ErgoHestia,N,R0250
S190121,C0030,,,0,2022,ErgoHestia,Wcześniejsze lata,R0100
S190121,C0030,,,86 831,2022,ErgoHestia,N–9,R0160
S190121,C0030,,,79 136,2022,ErgoHestia,N–8,R0170
S190121,C0030,,,153 990,2022,ErgoHestia,N–7,R0180
S190121,C0030,,,96 413,2022,ErgoHestia,N–6,R0190
S190121,C0030,,,105 241,2022,ErgoHestia,N–5,R0200
S190121,C0030,,,133 794,2022,ErgoHestia,N–4,R0210
S190121,C0030,,,136 599,2022,ErgoHestia,N–3,R0220
S190121,C0030,,,128 359,2022,ErgoHestia,N–2,R0230
S190121,C0030,,,0,2022,ErgoHestia,N–1,R0240
S190121,C0030,,,0,2022,ErgoHestia,N,R0250
S190121,C0040,,,0,2022,ErgoHestia,Wcześniejsze lata,R0100
S190121,C0040,,,49 526,2022,ErgoHestia,N–9,R0160
S190121,C0040,,,43 864,2022,ErgoHestia,N–8,R0170
S190121,C0040,,,73 935,2022,ErgoHestia,N–7,R0180
S190121,C0040,,,71 448,2022,ErgoHestia,N–6,R0190
S190121,C0040,,,81 044,2022,ErgoHestia,N–5,R0200
S190121,C0040,,,74 800,2022,ErgoHestia,N–4,R0210
S190121,C0040,,,57 655,2022,ErgoHestia,N–3,R0220
S190121,C0040,,,0,2022,ErgoHestia,N–2,R0230
S190121,C0040,,,0,2022,ErgoHestia,N–1,R0240
S190121,C0040,,,0,2022,ErgoHestia,N,R0250
S190121,C0050,,,0,2022,ErgoHestia,Wcześniejsze lata,R0100
S190121,C0050,,,36 695,2022,ErgoHestia,N–9,R0160
S190121,C0050,,,32 109,2022,ErgoHestia,N–8,R0170
S190121,C0050,,,31 113,2022,ErgoHestia,N–7,R0180
S190121,C0050,,,43 828,2022,ErgoHestia,N–6,R0190
S190121,C0050,,,83 892,2022,ErgoHestia,N–5,R0200
S190121,C0050,,,52 471,2022,ErgoHestia,N–4,R0210
S190121,C0050,,,0,2022,ErgoHestia,N–3,R0220
S190121,C0050,,,0,2022,ErgoHestia,N–2,R0230
S190121,C0050,,,0,2022,ErgoHestia,N–1,R0240
S190121,C0050,,,0,2022,ErgoHestia,N,R0250
S190121,C0060,,,0,2022,ErgoHestia,Wcześniejsze lata,R0100
S190121,C0060,,,18 795,2022,ErgoHestia,N–9,R0160
S190121,C0060,,,18 716,2022,ErgoHestia,N–8,R0170
S190121,C0060,,,20 239,2022,ErgoHestia,N–7,R0180
S190121,C0060,,,25 460,2022,ErgoHestia,N–6,R0190
S190121,C0060,,,32 315,2022,ErgoHestia,N–5,R0200
S190121,C0060,,,0,2022,ErgoHestia,N–4,R0210
S190121,C0060,,,0,2022,ErgoHestia,N–3,R0220
S190121,C0060,,,0,2022,ErgoHestia,N–2,R0230
S190121,C0060,,,0,2022,ErgoHestia,N–1,R0240
S190121,C0060,,,0,2022,ErgoHestia,N,R0250
S190121,C0070,,,0,2022,ErgoHestia,Wcześniejsze lata,R0100
S190121,C0070,,,15 628,2022,ErgoHestia,N–9,R0160
S190121,C0070,,,15 355,2022,ErgoHestia,N–8,R0170
S190121,C0070,,,12 081,2022,ErgoHestia,N–7,R0180
S190121,C0070,,,18 833,2022,ErgoHestia,N–6,R0190
S190121,C0070,,,0,2022,ErgoHestia,N–5,R0200
S190121,C0070,,,0,2022,ErgoHestia,N–4,R0210
S190121,C0070,,,0,2022,ErgoHestia,N–3,R0220
S190121,C0070,,,0,2022,ErgoHestia,N–2,R0230
S190121,C0070,,,0,2022,ErgoHestia,N–1,R0240
S190121,C0070,,,0,2022,ErgoHestia,N,R0250
S190121,C0080,,,0,2022,ErgoHestia,Wcześniejsze lata,R0100
S190121,C0080,,,12 569,2022,ErgoHestia,N–9,R0160
S190121,C0080,,,8 599,2022,ErgoHestia,N–8,R0170
S190121,C0080,,,10 568,2022,ErgoHestia,N–7,R0180
S190121,C0080,,,0,2022,ErgoHestia,N–6,R0190
S190121,C0080,,,0,2022,ErgoHestia,N–5,R0200
S190121,C0080,,,0,2022,ErgoHestia,N–4,R0210
S190121,C0080,,,0,2022,ErgoHestia,N–3,R0220
S190121,C0080,,,0,2022,ErgoHestia,N–2,R0230
S190121,C0080,,,0,2022,ErgoHestia,N–1,R0240
S190121,C0080,,,0,2022,ErgoHestia,N,R0250
S190121,C0090,,,0,2022,ErgoHestia,Wcześniejsze lata,R0100
S190121,C0090,,,6 628,2022,ErgoHestia,N–9,R0160
S190121,C0090,,,10 885,2022,ErgoHestia,N–8,R0170
S190121,C0090,,,0,2022,ErgoHestia,N–7,R0180
S190121,C0090,,,0,2022,ErgoHestia,N–6,R0190
S190121,C0090,,,0,2022,ErgoHestia,N–5,R0200
S190121,C0090,,,0,2022,ErgoHestia,N–4,R0210
S190121,C0090,,,0,2022,ErgoHestia,N–3,R0220
S190121,C0090,,,0,2022,ErgoHestia,N–2,R0230
S190121,C0090,,,0,2022,ErgoHestia,N–1,R0240
S190121,C0090,,,0,2022,ErgoHestia,N,R0250
S190121,C0100,,,0,2022,ErgoHestia,Wcześniejsze lata,R0100
S190121,C0100,,,3 898,2022,ErgoHestia,N–9,R0160
S190121,C0100,,,0,2022,ErgoHestia,N–8,R0170
S190121,C0100,,,0,2022,ErgoHestia,N–7,R0180
S190121,C0100,,,0,2022,ErgoHestia,N–6,R0190
S190121,C0100,,,0,2022,ErgoHestia,N–5,R0200
S190121,C0100,,,0,2022,ErgoHestia,N–4,R0210
S190121,C0100,,,0,2022,ErgoHestia,N–3,R0220
S190121,C0100,,,0,2022,ErgoHestia,N–2,R0230
S190121,C0100,,,0,2022,ErgoHestia,N–1,R0240
S190121,C0100,,,0,2022,ErgoHestia,N,R0250
S190121,C0010,,,0,2023,ErgoHestia,Wcześniejsze lata,R0100
S190121,C0010,,,945 573,2023,ErgoHestia,N–9,R0160
S190121,C0010,,,1 176 132,2023,ErgoHestia,N–8,R0170
S190121,C0010,,,1 225 357,2023,ErgoHestia,N–7,R0180
S190121,C0010,,,1 301 538,2023,ErgoHestia,N–6,R0190
S190121,C0010,,,1 645 449,2023,ErgoHestia,N–5,R0200
S190121,C0010,,,1 828 406,2023,ErgoHestia,N–4,R0210
S190121,C0010,,,1 729 612,2023,ErgoHestia,N–3,R0220
S190121,C0010,,,2 063 752,2023,ErgoHestia,N–2,R0230
S190121,C0010,,,2 187 511,2023,ErgoHestia,N–1,R0240
S190121,C0010,,,2 458 034,2023,ErgoHestia,N,R0250
S190121,C0020,,,0,2023,ErgoHestia,Wcześniejsze lata,R0100
S190121,C0020,,,393 230,2023,ErgoHestia,N–9,R0160
S190121,C0020,,,538 917,2023,ErgoHestia,N–8,R0170
S190121,C0020,,,452 884,2023,ErgoHestia,N–7,R0180
S190121,C0020,,,532 568,2023,ErgoHestia,N–6,R0190
S190121,C0020,,,653 798,2023,ErgoHestia,N–5,R0200
S190121,C0020,,,780 314,2023,ErgoHestia,N–4,R0210
S190121,C0020,,,610 472,2023,ErgoHestia,N–3,R0220
S190121,C0020,,,782 555,2023,ErgoHestia,N–2,R0230
S190121,C0020,,,923 537,2023,ErgoHestia,N–1,R0240
S190121,C0020,,,0,2023,ErgoHestia,N,R0250
S190121,C0030,,,0,2023,ErgoHestia,Wcześniejsze lata,R0100
S190121,C0030,,,75 105,2023,ErgoHestia,N–9,R0160
S190121,C0030,,,93 347,2023,ErgoHestia,N–8,R0170
S190121,C0030,,,90 192,2023,ErgoHestia,N–7,R0180
S190121,C0030,,,93 168,2023,ErgoHestia,N–6,R0190
S190121,C0030,,,117 843,2023,ErgoHestia,N–5,R0200
S190121,C0030,,,124 557,2023,ErgoHestia,N–4,R0210
S190121,C0030,,,125 299,2023,ErgoHestia,N–3,R0220
S190121,C0030,,,184 219,2023,ErgoHestia,N–2,R0230
S190121,C0030,,,0,2023,ErgoHestia,N–1,R0240
S190121,C0030,,,0,2023,ErgoHestia,N,R0250
S190121,C0040,,,0,2023,ErgoHestia,Wcześniejsze lata,R0100
S190121,C0040,,,40 777,2023,ErgoHestia,N–9,R0160
S190121,C0040,,,44 135,2023,ErgoHestia,N–8,R0170
S190121,C0040,,,59 583,2023,ErgoHestia,N–7,R0180
S190121,C0040,,,76 757,2023,ErgoHestia,N–6,R0190
S190121,C0040,,,66 690,2023,ErgoHestia,N–5,R0200
S190121,C0040,,,54 113,2023,ErgoHestia,N–4,R0210
S190121,C0040,,,66 563,2023,ErgoHestia,N–3,R0220
S190121,C0040,,,0,2023,ErgoHestia,N–2,R0230
S190121,C0040,,,0,2023,ErgoHestia,N–1,R0240
S190121,C0040,,,0,2023,ErgoHestia,N,R0250
S190121,C0050,,,0,2023,ErgoHestia,Wcześniejsze lata,R0100
S190121,C0050,,,23 777,2023,ErgoHestia,N–9,R0160
S190121,C0050,,,29 943,2023,ErgoHestia,N–8,R0170
S190121,C0050,,,37 587,2023,ErgoHestia,N–7,R0180
S190121,C0050,,,72 868,2023,ErgoHestia,N–6,R0190
S190121,C0050,,,42 062,2023,ErgoHestia,N–5,R0200
S190121,C0050,,,53 799,2023,ErgoHestia,N–4,R0210
S190121,C0050,,,0,2023,ErgoHestia,N–3,R0220
S190121,C0050,,,0,2023,ErgoHestia,N–2,R0230
S190121,C0050,,,0,2023,ErgoHestia,N–1,R0240
S190121,C0050,,,0,2023,ErgoHestia,N,R0250
S190121,C0060,,,0,2023,ErgoHestia,Wcześniejsze lata,R0100
S190121,C0060,,,18 123,2023,ErgoHestia,N–9,R0160
S190121,C0060,,,19 100,2023,ErgoHestia,N–8,R0170
S190121,C0060,,,26 162,2023,ErgoHestia,N–7,R0180
S190121,C0060,,,32 521,2023,ErgoHestia,N–6,R0190
S190121,C0060,,,29 368,2023,ErgoHestia,N–5,R0200
S190121,C0060,,,0,2023,ErgoHestia,N–4,R0210
S190121,C0060,,,0,2023,ErgoHestia,N–3,R0220
S190121,C0060,,,0,2023,ErgoHestia,N–2,R0230
S190121,C0060,,,0,2023,ErgoHestia,N–1,R0240
S190121,C0060,,,0,2023,ErgoHestia,N,R0250
S190121,C0070,,,0,2023,ErgoHestia,Wcześniejsze lata,R0100
S190121,C0070,,,12 533,2023,ErgoHestia,N–9,R0160
S190121,C0070,,,12 143,2023,ErgoHestia,N–8,R0170
S190121,C0070,,,18 989,2023,ErgoHestia,N–7,R0180
S190121,C0070,,,23 228,2023,ErgoHestia,N–6,R0190
S190121,C0070,,,0,2023,ErgoHestia,N–5,R0200
S190121,C0070,,,0,2023,ErgoHestia,N–4,R0210
S190121,C0070,,,0,2023,ErgoHestia,N–3,R0220
S190121,C0070,,,0,2023,ErgoHestia,N–2,R0230
S190121,C0070,,,0,2023,ErgoHestia,N–1,R0240
S190121,C0070,,,0,2023,ErgoHestia,N,R0250
S190121,C0080,,,0,2023,ErgoHestia,Wcześniejsze lata,R0100
S190121,C0080,,,8 513,2023,ErgoHestia,N–9,R0160
S190121,C0080,,,10 583,2023,ErgoHestia,N–8,R0170
S190121,C0080,,,23 846,2023,ErgoHestia,N–7,R0180
S190121,C0080,,,0,2023,ErgoHestia,N–6,R0190
S190121,C0080,,,0,2023,ErgoHestia,N–5,R0200
S190121,C0080,,,0,2023,ErgoHestia,N–4,R0210
S190121,C0080,,,0,2023,ErgoHestia,N–3,R0220
S190121,C0080,,,0,2023,ErgoHestia,N–2,R0230
S190121,C0080,,,0,2023,ErgoHestia,N–1,R0240
S190121,C0080,,,0,2023,ErgoHestia,N,R0250
S190121,C0090,,,0,2023,ErgoHestia,Wcześniejsze lata,R0100
S190121,C0090,,,3 559,2023,ErgoHestia,N–9,R0160
S190121,C0090,,,7 210,2023,ErgoHestia,N–8,R0170
S190121,C0090,,,0,2023,ErgoHestia,N–7,R0180
S190121,C0090,,,0,2023,ErgoHestia,N–6,R0190
S190121,C0090,,,0,2023,ErgoHestia,N–5,R0200
S190121,C0090,,,0,2023,ErgoHestia,N–4,R0210
S190121,C0090,,,0,2023,ErgoHestia,N–3,R0220
S190121,C0090,,,0,2023,ErgoHestia,N–2,R0230
S190121,C0090,,,0,2023,ErgoHestia,N–1,R0240
S190121,C0090,,,0,2023,ErgoHestia,N,R0250
S190121,C0100,,,0,2023,ErgoHestia,Wcześniejsze lata,R0100
S190121,C0100,,,6 511,2023,ErgoHestia,N–9,R0160
S190121,C0100,,,0,2023,ErgoHestia,N–8,R0170
S190121,C0100,,,0,2023,ErgoHestia,N–7,R0180
S190121,C0100,,,0,2023,ErgoHestia,N–6,R0190
S190121,C0100,,,0,2023,ErgoHestia,N–5,R0200
S190121,C0100,,,0,2023,ErgoHestia,N–4,R0210
S190121,C0100,,,0,2023,ErgoHestia,N–3,R0220
S190121,C0100,,,0,2023,ErgoHestia,N–2,R0230
S190121,C0100,,,0,2023,ErgoHestia,N–1,R0240
S190121,C0100,,,0,2023,ErgoHestia,N,R0250
S190121,C0010,,,0,2019,Generali,Wcześniejsze lata,R0100
S190121,C0010,,,308 024,2019,Generali,N-9,R0160
S190121,C0010,,,257 614,2019,Generali,N-8,R0170
S190121,C0010,,,295 736,2019,Generali,N-7,R0180
S190121,C0010,,,373 746,2019,Generali,N-6,R0190
S190121,C0010,,,380 368,2019,Generali,N-5,R0200
S190121,C0010,,,434 536,2019,Generali,N-4,R0210
S190121,C0010,,,482 640,2019,Generali,N-3,R0220
S190121,C0010,,,384 471,2019,Generali,N-2,R0230
S190121,C0010,,,392 025,2019,Generali,N-1,R0240
S190121,C0010,,,471 586,2019,Generali,N,R0250
S190121,C0020,,,0,2019,Generali,Wcześniejsze lata,R0100
S190121,C0020,,,133 556,2019,Generali,N-9,R0160
S190121,C0020,,,128 231,2019,Generali,N-8,R0170
S190121,C0020,,,156 749,2019,Generali,N-7,R0180
S190121,C0020,,,150 327,2019,Generali,N-6,R0190
S190121,C0020,,,175 426,2019,Generali,N-5,R0200
S190121,C0020,,,178 147,2019,Generali,N-4,R0210
S190121,C0020,,,188 974,2019,Generali,N-3,R0220
S190121,C0020,,,181 263,2019,Generali,N-2,R0230
S190121,C0020,,,164 727,2019,Generali,N-1,R0240
S190121,C0020,,,0,2019,Generali,N,R0250
S190121,C0030,,,0,2019,Generali,Wcześniejsze lata,R0100
S190121,C0030,,,30 795,2019,Generali,N-9,R0160
S190121,C0030,,,31 452,2019,Generali,N-8,R0170
S190121,C0030,,,33 027,2019,Generali,N-7,R0180
S190121,C0030,,,32 555,2019,Generali,N-6,R0190
S190121,C0030,,,59 190,2019,Generali,N-5,R0200
S190121,C0030,,,60 990,2019,Generali,N-4,R0210
S190121,C0030,,,53 623,2019,Generali,N-3,R0220
S190121,C0030,,,42 255,2019,Generali,N-2,R0230
S190121,C0030,,,0,2019,Generali,N-1,R0240
S190121,C0030,,,0,2019,Generali,N,R0250
S190121,C0040,,,0,2019,Generali,Wcześniejsze lata,R0100
S190121,C0040,,,24 570,2019,Generali,N-9,R0160
S190121,C0040,,,36 811,2019,Generali,N-8,R0170
S190121,C0040,,,29 849,2019,Generali,N-7,R0180
S190121,C0040,,,24 235,2019,Generali,N-6,R0190
S190121,C0040,,,41 905,2019,Generali,N-5,R0200
S190121,C0040,,,38 876,2019,Generali,N-4,R0210
S190121,C0040,,,34 140,2019,Generali,N-3,R0220
S190121,C0040,,,0,2019,Generali,N-2,R0230
S190121,C0040,,,0,2019,Generali,N-1,R0240
S190121,C0040,,,0,2019,Generali,N,R0250
S190121,C0050,,,0,2019,Generali,Wcześniejsze lata,R0100
S190121,C0050,,,12 910,2019,Generali,N-9,R0160
S190121,C0050,,,9 909,2019,Generali,N-8,R0170
S190121,C0050,,,22 379,2019,Generali,N-7,R0180
S190121,C0050,,,16 343,2019,Generali,N-6,R0190
S190121,C0050,,,29 135,2019,Generali,N-5,R0200
S190121,C0050,,,25 674,2019,Generali,N-4,R0210
S190121,C0050,,,0,2019,Generali,N-3,R0220
S190121,C0050,,,0,2019,Generali,N-2,R0230
S190121,C0050,,,0,2019,Generali,N-1,R0240
S190121,C0050,,,0,2019,Generali,N,R0250
S190121,C0060,,,0,2019,Generali,Wcześniejsze lata,R0100
S190121,C0060,,,6 492,2019,Generali,N-9,R0160
S190121,C0060,,,8 382,2019,Generali,N-8,R0170
S190121,C0060,,,10 082,2019,Generali,N-7,R0180
S190121,C0060,,,12 721,2019,Generali,N-6,R0190
S190121,C0060,,,20 383,2019,Generali,N-5,R0200
S190121,C0060,,,0,2019,Generali,N-4,R0210
S190121,C0060,,,0,2019,Generali,N-3,R0220
S190121,C0060,,,0,2019,Generali,N-2,R0230
S190121,C0060,,,0,2019,Generali,N-1,R0240
S190121,C0060,,,0,2019,Generali,N,R0250
S190121,C0070,,,0,2019,Generali,Wcześniejsze lata,R0100
S190121,C0070,,,5 854,2019,Generali,N-9,R0160
S190121,C0070,,,6 576,2019,Generali,N-8,R0170
S190121,C0070,,,6 313,2019,Generali,N-7,R0180
S190121,C0070,,,8 572,2019,Generali,N-6,R0190
S190121,C0070,,,0,2019,Generali,N-5,R0200
S190121,C0070,,,0,2019,Generali,N-4,R0210
S190121,C0070,,,0,2019,Generali,N-3,R0220
S190121,C0070,,,0,2019,Generali,N-2,R0230
S190121,C0070,,,0,2019,Generali,N-1,R0240
S190121,C0070,,,0,2019,Generali,N,R0250
S190121,C0080,,,0,2019,Generali,Wcześniejsze lata,R0100
S190121,C0080,,,3 892,2019,Generali,N-9,R0160
S190121,C0080,,,4 480,2019,Generali,N-8,R0170
S190121,C0080,,,4 793,2019,Generali,N-7,R0180
S190121,C0080,,,0,2019,Generali,N-6,R0190
S190121,C0080,,,0,2019,Generali,N-5,R0200
S190121,C0080,,,0,2019,Generali,N-4,R0210
S190121,C0080,,,0,2019,Generali,N-3,R0220
S190121,C0080,,,0,2019,Generali,N-2,R0230
S190121,C0080,,,0,2019,Generali,N-1,R0240
S190121,C0080,,,0,2019,Generali,N,R0250
S190121,C0090,,,0,2019,Generali,Wcześniejsze lata,R0100
S190121,C0090,,,4 634,2019,Generali,N-9,R0160
S190121,C0090,,,1 811,2019,Generali,N-8,R0170
S190121,C0090,,,0,2019,Generali,N-7,R0180
S190121,C0090,,,0,2019,Generali,N-6,R0190
S190121,C0090,,,0,2019,Generali,N-5,R0200
S190121,C0090,,,0,2019,Generali,N-4,R0210
S190121,C0090,,,0,2019,Generali,N-3,R0220
S190121,C0090,,,0,2019,Generali,N-2,R0230
S190121,C0090,,,0,2019,Generali,N-1,R0240
S190121,C0090,,,0,2019,Generali,N,R0250
S190121,C0100,,,0,2019,Generali,Wcześniejsze lata,R0100
S190121,C0100,,,428,2019,Generali,N-9,R0160
S190121,C0100,,,0,2019,Generali,N-8,R0170
S190121,C0100,,,0,2019,Generali,N-7,R0180
S190121,C0100,,,0,2019,Generali,N-6,R0190
S190121,C0100,,,0,2019,Generali,N-5,R0200
S190121,C0100,,,0,2019,Generali,N-4,R0210
S190121,C0100,,,0,2019,Generali,N-3,R0220
S190121,C0100,,,0,2019,Generali,N-2,R0230
S190121,C0100,,,0,2019,Generali,N-1,R0240
S190121,C0100,,,0,2019,Generali,N,R0250
S190121,C0010,,,0,2020,Generali,Wcze(cid:286)niejsze lata,R0100
S190121,C0010,,,257 614,2020,Generali,N-9,R0160
S190121,C0010,,,295 736,2020,Generali,N-8,R0170
S190121,C0010,,,373 746,2020,Generali,N-7,R0180
S190121,C0010,,,380 368,2020,Generali,N-6,R0190
S190121,C0010,,,434 536,2020,Generali,N-5,R0200
S190121,C0010,,,482 640,2020,Generali,N-4,R0210
S190121,C0010,,,384 471,2020,Generali,N-3,R0220
S190121,C0010,,,392 025,2020,Generali,N-2,R0230
S190121,C0010,,,471 586,2020,Generali,N-1,R0240
S190121,C0010,,,549 921,2020,Generali,N,R0250
S190121,C0020,,,0,2020,Generali,Wcze(cid:286)niejsze lata,R0100
S190121,C0020,,,128 231,2020,Generali,N-9,R0160
S190121,C0020,,,156 749,2020,Generali,N-8,R0170
S190121,C0020,,,150 327,2020,Generali,N-7,R0180
S190121,C0020,,,175 426,2020,Generali,N-6,R0190
S190121,C0020,,,178 147,2020,Generali,N-5,R0200
S190121,C0020,,,188 974,2020,Generali,N-4,R0210
S190121,C0020,,,181 263,2020,Generali,N-3,R0220
S190121,C0020,,,164 727,2020,Generali,N-2,R0230
S190121,C0020,,,210 138,2020,Generali,N-1,R0240
S190121,C0020,,,0,2020,Generali,N,R0250
S190121,C0030,,,0,2020,Generali,Wcze(cid:286)niejsze lata,R0100
S190121,C0030,,,31 452,2020,Generali,N-9,R0160
S190121,C0030,,,33 027,2020,Generali,N-8,R0170
S190121,C0030,,,32 555,2020,Generali,N-7,R0180
S190121,C0030,,,59 190,2020,Generali,N-6,R0190
S190121,C0030,,,60 990,2020,Generali,N-5,R0200
S190121,C0030,,,53 623,2020,Generali,N-4,R0210
S190121,C0030,,,42 255,2020,Generali,N-3,R0220
S190121,C0030,,,37 802,2020,Generali,N-2,R0230
S190121,C0030,,,0,2020,Generali,N-1,R0240
S190121,C0030,,,0,2020,Generali,N,R0250
S190121,C0040,,,0,2020,Generali,Wcze(cid:286)niejsze lata,R0100
S190121,C0040,,,36 811,2020,Generali,N-9,R0160
S190121,C0040,,,29 849,2020,Generali,N-8,R0170
S190121,C0040,,,24 235,2020,Generali,N-7,R0180
S190121,C0040,,,41 905,2020,Generali,N-6,R0190
S190121,C0040,,,38 876,2020,Generali,N-5,R0200
S190121,C0040,,,34 140,2020,Generali,N-4,R0210
S190121,C0040,,,19 914,2020,Generali,N-3,R0220
S190121,C0040,,,0,2020,Generali,N-2,R0230
S190121,C0040,,,0,2020,Generali,N-1,R0240
S190121,C0040,,,0,2020,Generali,N,R0250
S190121,C0050,,,0,2020,Generali,Wcze(cid:286)niejsze lata,R0100
S190121,C0050,,,9 909,2020,Generali,N-9,R0160
S190121,C0050,,,22 379,2020,Generali,N-8,R0170
S190121,C0050,,,16 343,2020,Generali,N-7,R0180
S190121,C0050,,,29 135,2020,Generali,N-6,R0190
S190121,C0050,,,25 674,2020,Generali,N-5,R0200
S190121,C0050,,,21 823,2020,Generali,N-4,R0210
S190121,C0050,,,0,2020,Generali,N-3,R0220
S190121,C0050,,,0,2020,Generali,N-2,R0230
S190121,C0050,,,0,2020,Generali,N-1,R0240
S190121,C0050,,,0,2020,Generali,N,R0250
S190121,C0060,,,0,2020,Generali,Wcze(cid:286)niejsze lata,R0100
S190121,C0060,,,8 382,2020,Generali,N-9,R0160
S190121,C0060,,,10 082,2020,Generali,N-8,R0170
S190121,C0060,,,12 721,2020,Generali,N-7,R0180
S190121,C0060,,,20 383,2020,Generali,N-6,R0190
S190121,C0060,,,17 235,2020,Generali,N-5,R0200
S190121,C0060,,,0,2020,Generali,N-4,R0210
S190121,C0060,,,0,2020,Generali,N-3,R0220
S190121,C0060,,,0,2020,Generali,N-2,R0230
S190121,C0060,,,0,2020,Generali,N-1,R0240
S190121,C0060,,,0,2020,Generali,N,R0250
S190121,C0070,,,0,2020,Generali,Wcze(cid:286)niejsze lata,R0100
S190121,C0070,,,6 576,2020,Generali,N-9,R0160
S190121,C0070,,,6 313,2020,Generali,N-8,R0170
S190121,C0070,,,8 572,2020,Generali,N-7,R0180
S190121,C0070,,,10 684,2020,Generali,N-6,R0190
S190121,C0070,,,0,2020,Generali,N-5,R0200
S190121,C0070,,,0,2020,Generali,N-4,R0210
S190121,C0070,,,0,2020,Generali,N-3,R0220
S190121,C0070,,,0,2020,Generali,N-2,R0230
S190121,C0070,,,0,2020,Generali,N-1,R0240
S190121,C0070,,,0,2020,Generali,N,R0250
S190121,C0080,,,0,2020,Generali,Wcze(cid:286)niejsze lata,R0100
S190121,C0080,,,4 480,2020,Generali,N-9,R0160
S190121,C0080,,,4 793,2020,Generali,N-8,R0170
S190121,C0080,,,5 464,2020,Generali,N-7,R0180
S190121,C0080,,,0,2020,Generali,N-6,R0190
S190121,C0080,,,0,2020,Generali,N-5,R0200
S190121,C0080,,,0,2020,Generali,N-4,R0210
S190121,C0080,,,0,2020,Generali,N-3,R0220
S190121,C0080,,,0,2020,Generali,N-2,R0230
S190121,C0080,,,0,2020,Generali,N-1,R0240
S190121,C0080,,,0,2020,Generali,N,R0250
S190121,C0090,,,0,2020,Generali,Wcze(cid:286)niejsze lata,R0100
S190121,C0090,,,1 811,2020,Generali,N-9,R0160
S190121,C0090,,,2 944,2020,Generali,N-8,R0170
S190121,C0090,,,0,2020,Generali,N-7,R0180
S190121,C0090,,,0,2020,Generali,N-6,R0190
S190121,C0090,,,0,2020,Generali,N-5,R0200
S190121,C0090,,,0,2020,Generali,N-4,R0210
S190121,C0090,,,0,2020,Generali,N-3,R0220
S190121,C0090,,,0,2020,Generali,N-2,R0230
S190121,C0090,,,0,2020,Generali,N-1,R0240
S190121,C0090,,,0,2020,Generali,N,R0250
S190121,C0100,,,0,2020,Generali,Wcze(cid:286)niejsze lata,R0100
S190121,C0100,,,1 572,2020,Generali,N-9,R0160
S190121,C0100,,,0,2020,Generali,N-8,R0170
S190121,C0100,,,0,2020,Generali,N-7,R0180
S190121,C0100,,,0,2020,Generali,N-6,R0190
S190121,C0100,,,0,2020,Generali,N-5,R0200
S190121,C0100,,,0,2020,Generali,N-4,R0210
S190121,C0100,,,0,2020,Generali,N-3,R0220
S190121,C0100,,,0,2020,Generali,N-2,R0230
S190121,C0100,,,0,2020,Generali,N-1,R0240
S190121,C0100,,,0,2020,Generali,N,R0250
S190121,C0010,,,0,2021,Generali,Wcze(cid:286)niejsze lata,R0100
S190121,C0010,,,724 124,2021,Generali,N-9,R0160
S190121,C0010,,,473 430,2021,Generali,N-8,R0170
S190121,C0010,,,494 867,2021,Generali,N-7,R0180
S190121,C0010,,,532 852,2021,Generali,N-6,R0190
S190121,C0010,,,728 853,2021,Generali,N-5,R0200
S190121,C0010,,,492 699,2021,Generali,N-4,R0210
S190121,C0010,,,478 384,2021,Generali,N-3,R0220
S190121,C0010,,,606 841,2021,Generali,N-2,R0230
S190121,C0010,,,722 092,2021,Generali,N-1,R0240
S190121,C0010,,,743 002,2021,Generali,N,R0250
S190121,C0020,,,0,2021,Generali,Wcze(cid:286)niejsze lata,R0100
S190121,C0020,,,177 423,2021,Generali,N-9,R0160
S190121,C0020,,,153 589,2021,Generali,N-8,R0170
S190121,C0020,,,179 338,2021,Generali,N-7,R0180
S190121,C0020,,,179 811,2021,Generali,N-6,R0190
S190121,C0020,,,196 748,2021,Generali,N-5,R0200
S190121,C0020,,,190 874,2021,Generali,N-4,R0210
S190121,C0020,,,175 471,2021,Generali,N-3,R0220
S190121,C0020,,,222 529,2021,Generali,N-2,R0230
S190121,C0020,,,219 509,2021,Generali,N-1,R0240
S190121,C0020,,,0,2021,Generali,N,R0250
S190121,C0030,,,0,2021,Generali,Wcze(cid:286)niejsze lata,R0100
S190121,C0030,,,32 101,2021,Generali,N-9,R0160
S190121,C0030,,,34 830,2021,Generali,N-8,R0170
S190121,C0030,,,55 291,2021,Generali,N-7,R0180
S190121,C0030,,,53 564,2021,Generali,N-6,R0190
S190121,C0030,,,46 827,2021,Generali,N-5,R0200
S190121,C0030,,,37 408,2021,Generali,N-4,R0210
S190121,C0030,,,35 472,2021,Generali,N-3,R0220
S190121,C0030,,,23 341,2021,Generali,N-2,R0230
S190121,C0030,,,0,2021,Generali,N-1,R0240
S190121,C0030,,,0,2021,Generali,N,R0250
S190121,C0040,,,0,2021,Generali,Wcze(cid:286)niejsze lata,R0100
S190121,C0040,,,32 702,2021,Generali,N-9,R0160
S190121,C0040,,,21 685,2021,Generali,N-8,R0170
S190121,C0040,,,36 737,2021,Generali,N-7,R0180
S190121,C0040,,,31 866,2021,Generali,N-6,R0190
S190121,C0040,,,28 154,2021,Generali,N-5,R0200
S190121,C0040,,,16 911,2021,Generali,N-4,R0210
S190121,C0040,,,12 659,2021,Generali,N-3,R0220
S190121,C0040,,,0,2021,Generali,N-2,R0230
S190121,C0040,,,0,2021,Generali,N-1,R0240
S190121,C0040,,,0,2021,Generali,N,R0250
S190121,C0050,,,0,2021,Generali,Wcze(cid:286)niejsze lata,R0100
S190121,C0050,,,21 379,2021,Generali,N-9,R0160
S190121,C0050,,,14 091,2021,Generali,N-8,R0170
S190121,C0050,,,24 856,2021,Generali,N-7,R0180
S190121,C0050,,,19 747,2021,Generali,N-6,R0190
S190121,C0050,,,18 008,2021,Generali,N-5,R0200
S190121,C0050,,,9 481,2021,Generali,N-4,R0210
S190121,C0050,,,0,2021,Generali,N-3,R0220
S190121,C0050,,,0,2021,Generali,N-2,R0230
S190121,C0050,,,0,2021,Generali,N-1,R0240
S190121,C0050,,,0,2021,Generali,N,R0250
S190121,C0060,,,0,2021,Generali,Wcze(cid:286)niejsze lata,R0100
S190121,C0060,,,11 129,2021,Generali,N-9,R0160
S190121,C0060,,,10 688,2021,Generali,N-8,R0170
S190121,C0060,,,17 460,2021,Generali,N-7,R0180
S190121,C0060,,,14 734,2021,Generali,N-6,R0190
S190121,C0060,,,14 033,2021,Generali,N-5,R0200
S190121,C0060,,,0,2021,Generali,N-4,R0210
S190121,C0060,,,0,2021,Generali,N-3,R0220
S190121,C0060,,,0,2021,Generali,N-2,R0230
S190121,C0060,,,0,2021,Generali,N-1,R0240
S190121,C0060,,,0,2021,Generali,N,R0250
S190121,C0070,,,0,2021,Generali,Wcze(cid:286)niejsze lata,R0100
S190121,C0070,,,5 429,2021,Generali,N-9,R0160
S190121,C0070,,,7 326,2021,Generali,N-8,R0170
S190121,C0070,,,7 720,2021,Generali,N-7,R0180
S190121,C0070,,,9 955,2021,Generali,N-6,R0190
S190121,C0070,,,0,2021,Generali,N-5,R0200
S190121,C0070,,,0,2021,Generali,N-4,R0210
S190121,C0070,,,0,2021,Generali,N-3,R0220
S190121,C0070,,,0,2021,Generali,N-2,R0230
S190121,C0070,,,0,2021,Generali,N-1,R0240
S190121,C0070,,,0,2021,Generali,N,R0250
S190121,C0080,,,0,2021,Generali,Wcze(cid:286)niejsze lata,R0100
S190121,C0080,,,4 216,2021,Generali,N-9,R0160
S190121,C0080,,,4 881,2021,Generali,N-8,R0170
S190121,C0080,,,6 890,2021,Generali,N-7,R0180
S190121,C0080,,,0,2021,Generali,N-6,R0190
S190121,C0080,,,0,2021,Generali,N-5,R0200
S190121,C0080,,,0,2021,Generali,N-4,R0210
S190121,C0080,,,0,2021,Generali,N-3,R0220
S190121,C0080,,,0,2021,Generali,N-2,R0230
S190121,C0080,,,0,2021,Generali,N-1,R0240
S190121,C0080,,,0,2021,Generali,N,R0250
S190121,C0090,,,0,2021,Generali,Wcze(cid:286)niejsze lata,R0100
S190121,C0090,,,2 701,2021,Generali,N-9,R0160
S190121,C0090,,,4 211,2021,Generali,N-8,R0170
S190121,C0090,,,0,2021,Generali,N-7,R0180
S190121,C0090,,,0,2021,Generali,N-6,R0190
S190121,C0090,,,0,2021,Generali,N-5,R0200
S190121,C0090,,,0,2021,Generali,N-4,R0210
S190121,C0090,,,0,2021,Generali,N-3,R0220
S190121,C0090,,,0,2021,Generali,N-2,R0230
S190121,C0090,,,0,2021,Generali,N-1,R0240
S190121,C0090,,,0,2021,Generali,N,R0250
S190121,C0100,,,0,2021,Generali,Wcze(cid:286)niejsze lata,R0100
S190121,C0100,,,1 878,2021,Generali,N-9,R0160
S190121,C0100,,,0,2021,Generali,N-8,R0170
S190121,C0100,,,0,2021,Generali,N-7,R0180
S190121,C0100,,,0,2021,Generali,N-6,R0190
S190121,C0100,,,0,2021,Generali,N-5,R0200
S190121,C0100,,,0,2021,Generali,N-4,R0210
S190121,C0100,,,0,2021,Generali,N-3,R0220
S190121,C0100,,,0,2021,Generali,N-2,R0230
S190121,C0100,,,0,2021,Generali,N-1,R0240
S190121,C0100,,,0,2021,Generali,N,R0250
S190121,C0010,,,0,2022,Generali,Wcze(cid:286)niejsze lata,R0100
S190121,C0010,,,473 430,2022,Generali,N-9,R0160
S190121,C0010,,,494 867,2022,Generali,N-8,R0170
S190121,C0010,,,532 852,2022,Generali,N-7,R0180
S190121,C0010,,,728 853,2022,Generali,N-6,R0190
S190121,C0010,,,492 699,2022,Generali,N-5,R0200
S190121,C0010,,,478 384,2022,Generali,N-4,R0210
S190121,C0010,,,606 841,2022,Generali,N-3,R0220
S190121,C0010,,,722 092,2022,Generali,N-2,R0230
S190121,C0010,,,743 002,2022,Generali,N-1,R0240
S190121,C0010,,,805 123,2022,Generali,N,R0250
S190121,C0020,,,0,2022,Generali,Wcze(cid:286)niejsze lata,R0100
S190121,C0020,,,153 589,2022,Generali,N-9,R0160
S190121,C0020,,,179 371,2022,Generali,N-8,R0170
S190121,C0020,,,179 811,2022,Generali,N-7,R0180
S190121,C0020,,,196 748,2022,Generali,N-6,R0190
S190121,C0020,,,190 874,2022,Generali,N-5,R0200
S190121,C0020,,,175 471,2022,Generali,N-4,R0210
S190121,C0020,,,222 529,2022,Generali,N-3,R0220
S190121,C0020,,,219 509,2022,Generali,N-2,R0230
S190121,C0020,,,265 196,2022,Generali,N-1,R0240
S190121,C0020,,,0,2022,Generali,N,R0250
S190121,C0030,,,0,2022,Generali,Wcze(cid:286)niejsze lata,R0100
S190121,C0030,,,34 850,2022,Generali,N-9,R0160
S190121,C0030,,,55 291,2022,Generali,N-8,R0170
S190121,C0030,,,53 564,2022,Generali,N-7,R0180
S190121,C0030,,,46 827,2022,Generali,N-6,R0190
S190121,C0030,,,37 408,2022,Generali,N-5,R0200
S190121,C0030,,,35 472,2022,Generali,N-4,R0210
S190121,C0030,,,23 341,2022,Generali,N-3,R0220
S190121,C0030,,,35 438,2022,Generali,N-2,R0230
S190121,C0030,,,0,2022,Generali,N-1,R0240
S190121,C0030,,,0,2022,Generali,N,R0250
S190121,C0040,,,0,2022,Generali,Wcze(cid:286)niejsze lata,R0100
S190121,C0040,,,21 685,2022,Generali,N-9,R0160
S190121,C0040,,,36 737,2022,Generali,N-8,R0170
S190121,C0040,,,31 866,2022,Generali,N-7,R0180
S190121,C0040,,,28 154,2022,Generali,N-6,R0190
S190121,C0040,,,16 911,2022,Generali,N-5,R0200
S190121,C0040,,,12 659,2022,Generali,N-4,R0210
S190121,C0040,,,15 194,2022,Generali,N-3,R0220
S190121,C0040,,,0,2022,Generali,N-2,R0230
S190121,C0040,,,0,2022,Generali,N-1,R0240
S190121,C0040,,,0,2022,Generali,N,R0250
S190121,C0050,,,0,2022,Generali,Wcze(cid:286)niejsze lata,R0100
S190121,C0050,,,14 091,2022,Generali,N-9,R0160
S190121,C0050,,,24 856,2022,Generali,N-8,R0170
S190121,C0050,,,19 747,2022,Generali,N-7,R0180
S190121,C0050,,,18 008,2022,Generali,N-6,R0190
S190121,C0050,,,9 481,2022,Generali,N-5,R0200
S190121,C0050,,,13 116,2022,Generali,N-4,R0210
S190121,C0050,,,0,2022,Generali,N-3,R0220
S190121,C0050,,,0,2022,Generali,N-2,R0230
S190121,C0050,,,0,2022,Generali,N-1,R0240
S190121,C0050,,,0,2022,Generali,N,R0250
S190121,C0060,,,0,2022,Generali,Wcze(cid:286)niejsze lata,R0100
S190121,C0060,,,10 688,2022,Generali,N-9,R0160
S190121,C0060,,,17 460,2022,Generali,N-8,R0170
S190121,C0060,,,14 734,2022,Generali,N-7,R0180
S190121,C0060,,,14 033,2022,Generali,N-6,R0190
S190121,C0060,,,6 326,2022,Generali,N-5,R0200
S190121,C0060,,,0,2022,Generali,N-4,R0210
S190121,C0060,,,0,2022,Generali,N-3,R0220
S190121,C0060,,,0,2022,Generali,N-2,R0230
S190121,C0060,,,0,2022,Generali,N-1,R0240
S190121,C0060,,,0,2022,Generali,N,R0250
S190121,C0070,,,0,2022,Generali,Wcze(cid:286)niejsze lata,R0100
S190121,C0070,,,7 326,2022,Generali,N-9,R0160
S190121,C0070,,,7 720,2022,Generali,N-8,R0170
S190121,C0070,,,9 955,2022,Generali,N-7,R0180
S190121,C0070,,,12 664,2022,Generali,N-6,R0190
S190121,C0070,,,0,2022,Generali,N-5,R0200
S190121,C0070,,,0,2022,Generali,N-4,R0210
S190121,C0070,,,0,2022,Generali,N-3,R0220
S190121,C0070,,,0,2022,Generali,N-2,R0230
S190121,C0070,,,0,2022,Generali,N-1,R0240
S190121,C0070,,,0,2022,Generali,N,R0250
S190121,C0080,,,0,2022,Generali,Wcze(cid:286)niejsze lata,R0100
S190121,C0080,,,4 881,2022,Generali,N-9,R0160
S190121,C0080,,,6 890,2022,Generali,N-8,R0170
S190121,C0080,,,13 873,2022,Generali,N-7,R0180
S190121,C0080,,,0,2022,Generali,N-6,R0190
S190121,C0080,,,0,2022,Generali,N-5,R0200
S190121,C0080,,,0,2022,Generali,N-4,R0210
S190121,C0080,,,0,2022,Generali,N-3,R0220
S190121,C0080,,,0,2022,Generali,N-2,R0230
S190121,C0080,,,0,2022,Generali,N-1,R0240
S190121,C0080,,,0,2022,Generali,N,R0250
S190121,C0090,,,0,2022,Generali,Wcze(cid:286)niejsze lata,R0100
S190121,C0090,,,4 211,2022,Generali,N-9,R0160
S190121,C0090,,,3 185,2022,Generali,N-8,R0170
S190121,C0090,,,0,2022,Generali,N-7,R0180
S190121,C0090,,,0,2022,Generali,N-6,R0190
S190121,C0090,,,0,2022,Generali,N-5,R0200
S190121,C0090,,,0,2022,Generali,N-4,R0210
S190121,C0090,,,0,2022,Generali,N-3,R0220
S190121,C0090,,,0,2022,Generali,N-2,R0230
S190121,C0090,,,0,2022,Generali,N-1,R0240
S190121,C0090,,,0,2022,Generali,N,R0250
S190121,C0100,,,0,2022,Generali,Wcze(cid:286)niejsze lata,R0100
S190121,C0100,,,1 394,2022,Generali,N-9,R0160
S190121,C0100,,,0,2022,Generali,N-8,R0170
S190121,C0100,,,0,2022,Generali,N-7,R0180
S190121,C0100,,,0,2022,Generali,N-6,R0190
S190121,C0100,,,0,2022,Generali,N-5,R0200
S190121,C0100,,,0,2022,Generali,N-4,R0210
S190121,C0100,,,0,2022,Generali,N-3,R0220
S190121,C0100,,,0,2022,Generali,N-2,R0230
S190121,C0100,,,0,2022,Generali,N-1,R0240
S190121,C0100,,,0,2022,Generali,N,R0250
S190121,C0010,,,0,2023,Generali,Wcze(cid:286)niejsze lata,R0100
S190121,C0010,,,494 867,2023,Generali,N-9,R0160
S190121,C0010,,,532 852,2023,Generali,N-8,R0170
S190121,C0010,,,728 806,2023,Generali,N-7,R0180
S190121,C0010,,,492 967,2023,Generali,N-6,R0190
S190121,C0010,,,478 462,2023,Generali,N-5,R0200
S190121,C0010,,,606 975,2023,Generali,N-4,R0210
S190121,C0010,,,720 667,2023,Generali,N-3,R0220
S190121,C0010,,,742 353,2023,Generali,N-2,R0230
S190121,C0010,,,803 796,2023,Generali,N-1,R0240
S190121,C0010,,,698 343,2023,Generali,N,R0250
S190121,C0020,,,0,2023,Generali,Wcze(cid:286)niejsze lata,R0100
S190121,C0020,,,179 326,2023,Generali,N-9,R0160
S190121,C0020,,,179 829,2023,Generali,N-8,R0170
S190121,C0020,,,197 033,2023,Generali,N-7,R0180
S190121,C0020,,,191 226,2023,Generali,N-6,R0190
S190121,C0020,,,175 649,2023,Generali,N-5,R0200
S190121,C0020,,,222 325,2023,Generali,N-4,R0210
S190121,C0020,,,217 743,2023,Generali,N-3,R0220
S190121,C0020,,,263 643,2023,Generali,N-2,R0230
S190121,C0020,,,244 006,2023,Generali,N-1,R0240
S190121,C0020,,,0,2023,Generali,N,R0250
S190121,C0030,,,0,2023,Generali,Wcze(cid:286)niejsze lata,R0100
S190121,C0030,,,55 207,2023,Generali,N-9,R0160
S190121,C0030,,,54 153,2023,Generali,N-8,R0170
S190121,C0030,,,46 981,2023,Generali,N-7,R0180
S190121,C0030,,,37 466,2023,Generali,N-6,R0190
S190121,C0030,,,35 411,2023,Generali,N-5,R0200
S190121,C0030,,,23 245,2023,Generali,N-4,R0210
S190121,C0030,,,35 290,2023,Generali,N-3,R0220
S190121,C0030,,,40 081,2023,Generali,N-2,R0230
S190121,C0030,,,0,2023,Generali,N-1,R0240
S190121,C0030,,,0,2023,Generali,N,R0250
S190121,C0040,,,0,2023,Generali,Wcze(cid:286)niejsze lata,R0100
S190121,C0040,,,36 795,2023,Generali,N-9,R0160
S190121,C0040,,,32 090,2023,Generali,N-8,R0170
S190121,C0040,,,28 222,2023,Generali,N-7,R0180
S190121,C0040,,,16 869,2023,Generali,N-6,R0190
S190121,C0040,,,12 598,2023,Generali,N-5,R0200
S190121,C0040,,,15 028,2023,Generali,N-4,R0210
S190121,C0040,,,5 703,2023,Generali,N-3,R0220
S190121,C0040,,,0,2023,Generali,N-2,R0230
S190121,C0040,,,0,2023,Generali,N-1,R0240
S190121,C0040,,,0,2023,Generali,N,R0250
S190121,C0050,,,0,2023,Generali,Wcze(cid:286)niejsze lata,R0100
S190121,C0050,,,24 950,2023,Generali,N-9,R0160
S190121,C0050,,,19 800,2023,Generali,N-8,R0170
S190121,C0050,,,17 996,2023,Generali,N-7,R0180
S190121,C0050,,,9 407,2023,Generali,N-6,R0190
S190121,C0050,,,13 094,2023,Generali,N-5,R0200
S190121,C0050,,,6 679,2023,Generali,N-4,R0210
S190121,C0050,,,0,2023,Generali,N-3,R0220
S190121,C0050,,,0,2023,Generali,N-2,R0230
S190121,C0050,,,0,2023,Generali,N-1,R0240
S190121,C0050,,,0,2023,Generali,N,R0250
S190121,C0060,,,0,2023,Generali,Wcze(cid:286)niejsze lata,R0100
S190121,C0060,,,17 429,2023,Generali,N-9,R0160
S190121,C0060,,,14 734,2023,Generali,N-8,R0170
S190121,C0060,,,13 977,2023,Generali,N-7,R0180
S190121,C0060,,,6 293,2023,Generali,N-6,R0190
S190121,C0060,,,12 021,2023,Generali,N-5,R0200
S190121,C0060,,,0,2023,Generali,N-4,R0210
S190121,C0060,,,0,2023,Generali,N-3,R0220
S190121,C0060,,,0,2023,Generali,N-2,R0230
S190121,C0060,,,0,2023,Generali,N-1,R0240
S190121,C0060,,,0,2023,Generali,N,R0250
S190121,C0070,,,0,2023,Generali,Wcze(cid:286)niejsze lata,R0100
S190121,C0070,,,7 715,2023,Generali,N-9,R0160
S190121,C0070,,,9 888,2023,Generali,N-8,R0170
S190121,C0070,,,12 662,2023,Generali,N-7,R0180
S190121,C0070,,,3 985,2023,Generali,N-6,R0190
S190121,C0070,,,0,2023,Generali,N-5,R0200
S190121,C0070,,,0,2023,Generali,N-4,R0210
S190121,C0070,,,0,2023,Generali,N-3,R0220
S190121,C0070,,,0,2023,Generali,N-2,R0230
S190121,C0070,,,0,2023,Generali,N-1,R0240
S190121,C0070,,,0,2023,Generali,N,R0250
S190121,C0080,,,0,2023,Generali,Wcze(cid:286)niejsze lata,R0100
S190121,C0080,,,6 886,2023,Generali,N-9,R0160
S190121,C0080,,,13 489,2023,Generali,N-8,R0170
S190121,C0080,,,5 754,2023,Generali,N-7,R0180
S190121,C0080,,,0,2023,Generali,N-6,R0190
S190121,C0080,,,0,2023,Generali,N-5,R0200
S190121,C0080,,,0,2023,Generali,N-4,R0210
S190121,C0080,,,0,2023,Generali,N-3,R0220
S190121,C0080,,,0,2023,Generali,N-2,R0230
S190121,C0080,,,0,2023,Generali,N-1,R0240
S190121,C0080,,,0,2023,Generali,N,R0250
S190121,C0090,,,0,2023,Generali,Wcze(cid:286)niejsze lata,R0100
S190121,C0090,,,3 152,2023,Generali,N-9,R0160
S190121,C0090,,,6 124,2023,Generali,N-8,R0170
S190121,C0090,,,0,2023,Generali,N-7,R0180
S190121,C0090,,,0,2023,Generali,N-6,R0190
S190121,C0090,,,0,2023,Generali,N-5,R0200
S190121,C0090,,,0,2023,Generali,N-4,R0210
S190121,C0090,,,0,2023,Generali,N-3,R0220
S190121,C0090,,,0,2023,Generali,N-2,R0230
S190121,C0090,,,0,2023,Generali,N-1,R0240
S190121,C0090,,,0,2023,Generali,N,R0250
S190121,C0100,,,0,2023,Generali,Wcze(cid:286)niejsze lata,R0100
S190121,C0100,,,2 527,2023,Generali,N-9,R0160
S190121,C0100,,,0,2023,Generali,N-8,R0170
S190121,C0100,,,0,2023,Generali,N-7,R0180
S190121,C0100,,,0,2023,Generali,N-6,R0190
S190121,C0100,,,0,2023,Generali,N-5,R0200
S190121,C0100,,,0,2023,Generali,N-4,R0210
S190121,C0100,,,0,2023,Generali,N-3,R0220
S190121,C0100,,,0,2023,Generali,N-2,R0230
S190121,C0100,,,0,2023,Generali,N-1,R0240
S190121,C0100,,,0,2023,Generali,N,R0250
